{
  "id": "",
  "name": "",
  "font_family": "iconfont",
  "css_prefix_text": "icon-",
  "description": "",
  "glyphs": [
    {
      "icon_id": "3474879",
      "name": "back",
      "font_class": "back",
      "unicode": "e6d4",
      "unicode_decimal": 59092
    },
    {
      "icon_id": "6117392",
      "name": "图文",
      "font_class": "tuwen",
      "unicode": "e6c2",
      "unicode_decimal": 59074
    },
    {
      "icon_id": "6654507",
      "name": "card-hero",
      "font_class": "card-hero",
      "unicode": "e61f",
      "unicode_decimal": 58911
    },
    {
      "icon_id": "8329823",
      "name": "Menu",
      "font_class": "Menu",
      "unicode": "e664",
      "unicode_decimal": 58980
    },
    {
      "icon_id": "10337412",
      "name": "video",
      "font_class": "video",
      "unicode": "e761",
      "unicode_decimal": 59233
    },
    {
      "icon_id": "10398169",
      "name": "more read",
      "font_class": "more2",
      "unicode": "e618",
      "unicode_decimal": 58904
    }
  ]
}
